,Energy [MeV],Probability density [#/MeV/nt]
0,0.0,2.951
1,0.0001,2.949
2,0.00011,2.949
3,0.00012,2.949
4,0.00013,2.949
5,0.00014,2.948
6,0.00015,2.948
7,0.00016,2.948
8,0.00018,2.948
9,0.0002,2.947
10,0.00022,2.947
11,0.00024,2.947
12,0.00026,2.947
13,0.00028,2.946
14,0.0003,2.946
15,0.00032,2.946
16,0.00036,2.945
17,0.0004,2.944
18,0.00045,2.944
19,0.0005,2.943
20,0.00055,2.942
21,0.0006,2.941
22,0.00065,2.941
23,0.0007,2.94
24,0.00075,2.939
25,0.0008,2.938
26,0.00085,2.938
27,0.0009,2.937
28,0.001,2.935
29,0.0011,2.934
30,0.0012,2.932
31,0.0013,2.931
32,0.0014,2.929
33,0.0015,2.928
34,0.0016,2.926
35,0.0018,2.923
36,0.002,2.92
37,0.0022,2.917
38,0.0024,2.914
39,0.0026,2.911
40,0.0028,2.908
41,0.003,2.905
42,0.0032,2.902
43,0.0036,2.896
44,0.004,2.89
45,0.0045,2.882
46,0.005,2.875
47,0.0055,2.867
48,0.006,2.866
49,0.0065,2.864
50,0.007,2.863
51,0.0075,2.861
52,0.008,2.86
53,0.0085,2.859
54,0.009,2.857
55,0.01,2.855
56,0.011,2.852
57,0.012,2.849
58,0.013,2.846
59,0.014,2.843
60,0.015,2.841
61,0.016,2.838
62,0.018,2.833
63,0.02,2.827
64,0.022,2.822
65,0.024,2.818
66,0.026,2.813
67,0.028,2.809
68,0.03,2.804
69,0.032,2.8
70,0.036,2.793
71,0.04,2.786
72,0.045,2.777
73,0.05,2.77
74,0.055,2.763
75,0.06,2.756
76,0.065,2.75
77,0.07,2.743
78,0.075,2.737
79,0.08,2.731
80,0.085,2.725
81,0.09,2.719
82,0.1,2.706
83,0.11,2.693
84,0.12,2.679
85,0.13,2.663
86,0.14,2.647
87,0.15,2.629
88,0.16,2.609
89,0.18,2.563
90,0.2,2.508
91,0.22,2.441
92,0.24,2.361
93,0.26,2.267
94,0.28,2.157
95,0.3,2.031
96,0.32,1.887
97,0.36,1.549
98,0.4,1.155
99,0.45,0.631
100,0.5,0.1821
101,0.546,0.0
